"client_name","urls"
" MaidPro Garden City, MI","<script src='http://www.yodleresources.net/Unified/embed.js' type='text/javascript' async='true' id='unified-tracking' data-config='maidpro:maidprogardencitymi.com'></script>"
" MaidPro - Collegeville, PA","<script src='http://www.yodleresources.net/Unified/embed.js' type='text/javascript' async='true' id='unified-tracking' data-config='maidpro:maidprocollegeville.com'></script>"
" MaidPro McMurray PA","<script src='http://www.yodleresources.net/Unified/embed.js' type='text/javascript' async='true' id='unified-tracking' data-config='maidpro:maidpromcmurray.com'></script>"
" MaidPro of Lufkin / Nacogdoches","<script src='http://www.yodleresources.net/Unified/embed.js' type='text/javascript' async='true' id='unified-tracking' data-config='maidpro:maidproluf-nac.com'></script>"
" MaidPro - Chesapeake, VA","<script src='http://www.yodleresources.net/Unified/embed.js' type='text/javascript' async='true' id='unified-tracking' data-config='maidpro:maidprochesapeake.com'></script>"
" MaidPro - San Ramon","<script src='http://www.yodleresources.net/Unified/embed.js' type='text/javascript' async='true' id='unified-tracking' data-config='maidpro:maidprosanramon.com'></script>"
" MaidPro - San Francisco","<script src='http://www.yodleresources.net/Unified/embed.js' type='text/javascript' async='true' id='unified-tracking' data-config='maidpro:maidprosanfran.com'></script>"
" MaidPro - Tampa, FL","<script src='http://www.yodleresources.net/Unified/embed.js' type='text/javascript' async='true' id='unified-tracking' data-config='maidpro:maidprotampa.com'></script>"
" MaidPro - Capitol Hill, D.C.","<script src='http://www.yodleresources.net/Unified/embed.js' type='text/javascript' async='true' id='unified-tracking' data-config='maidpro:maidprocapitolhill.com'></script>"
" MaidPro - Morrisville NC","<script src='http://www.yodleresources.net/Unified/embed.js' type='text/javascript' async='true' id='unified-tracking' data-config='maidpro:maidprocary.com'></script>"
" MaidPro - Evanston, IL","<script src='http://www.yodleresources.net/Unified/embed.js' type='text/javascript' async='true' id='unified-tracking' data-config='maidpro:maidproevanston.com'></script>"
" MaidPro - San Antonio, TX","<script src='http://www.yodleresources.net/Unified/embed.js' type='text/javascript' async='true' id='unified-tracking' data-config='maidpro:maidprosanantonio.com'></script>"
" MaidPro - Cedar Grove, NJ","<script src='http://www.yodleresources.net/Unified/embed.js' type='text/javascript' async='true' id='unified-tracking' data-config='maidpro:maidprocedargrove.com'></script>"
" MaidPro - Gaylord, MI","<script src='http://www.yodleresources.net/Unified/embed.js' type='text/javascript' async='true' id='unified-tracking' data-config='maidpro:maidprogaylord.com'></script>"
" MaidPro - Union County NJ","<script src='http://www.yodleresources.net/Unified/embed.js' type='text/javascript' async='true' id='unified-tracking' data-config='maidpro:maidprounioncounty.com'></script>"
" MaidPro - South Orange County","<script src='http://www.yodleresources.net/Unified/embed.js' type='text/javascript' async='true' id='unified-tracking' data-config='maidpro:maidproorangecounty.com'></script>"
" MaidPro - Woodbridge, VA","<script src='http://www.yodleresources.net/Unified/embed.js' type='text/javascript' async='true' id='unified-tracking' data-config='maidpro:maidprowoodbridge.com'></script>"
" MaidPro - Maple Grove","<script src='http://www.yodleresources.net/Unified/embed.js' type='text/javascript' async='true' id='unified-tracking' data-config='maidpro:maidpromaplegrove.com'></script>"
" MaidPro - Bethlehem, PA","<script src='http://www.yodleresources.net/Unified/embed.js' type='text/javascript' async='true' id='unified-tracking' data-config='maidpro:maidprobethlehem.com'></script>"
" MaidPro - Raleigh, NC","<script src='http://www.yodleresources.net/Unified/embed.js' type='text/javascript' async='true' id='unified-tracking' data-config='maidpro:maidproraleigh.com'></script>"
" MaidPro Topeka - Lawrence","<script src='http://www.yodleresources.net/Unified/embed.js' type='text/javascript' async='true' id='unified-tracking' data-config='maidpro:maidprotopeka.com'></script>"
" MaidPro - Kingston MA","<script src='http://www.yodleresources.net/Unified/embed.js' type='text/javascript' async='true' id='unified-tracking' data-config='maidpro:maidprokingston.com'></script>"
" MaidPro - Birmingham, AL","<script src='http://www.yodleresources.net/Unified/embed.js' type='text/javascript' async='true' id='unified-tracking' data-config='maidpro:maidprobirmingham.com'></script>"
" MaidPro- Downingtown, PA","<script src='http://www.yodleresources.net/Unified/embed.js' type='text/javascript' async='true' id='unified-tracking' data-config='maidpro:maidprodowningtown.com'></script>"
" MaidPro - Florence, KY","<script src='http://www.yodleresources.net/Unified/embed.js' type='text/javascript' async='true' id='unified-tracking' data-config='maidpro:maidpronky.com'></script>"
" MaidPro NW San Antonio","<script src='http://www.yodleresources.net/Unified/embed.js' type='text/javascript' async='true' id='unified-tracking' data-config='maidpro:maidpronwsanantonio.com'></script>"
" MaidPro - Melbourne, FL","<script src='http://www.yodleresources.net/Unified/embed.js' type='text/javascript' async='true' id='unified-tracking' data-config='maidpro:maidpromelbourne.com'></script>"
" MaidPro - Ashburn, VA","<script src='http://www.yodleresources.net/Unified/embed.js' type='text/javascript' async='true' id='unified-tracking' data-config='maidpro:maidproashburn.com'></script>"
" MaidPro - Ellicott City, MD","<script src='http://www.yodleresources.net/Unified/embed.js' type='text/javascript' async='true' id='unified-tracking' data-config='maidpro:maidproellicottcity.com'></script>"
" MaidPro of Northern Alabama","<script src='http://www.yodleresources.net/Unified/embed.js' type='text/javascript' async='true' id='unified-tracking' data-config='maidpro:maidpronorthalabama.com'></script>"
" MaidPro of Northwest Indiana","<script src='http://www.yodleresources.net/Unified/embed.js' type='text/javascript' async='true' id='unified-tracking' data-config='maidpro:maidprocrownpoint.com'></script>"
" MaidPro Mount Pleasant","<script src='http://www.yodleresources.net/Unified/embed.js' type='text/javascript' async='true' id='unified-tracking' data-config='maidpro:maidprocharlestonsc.com'></script>"
" MaidPro Manhattan Beach CA","<script src='http://www.yodleresources.net/Unified/embed.js' type='text/javascript' async='true' id='unified-tracking' data-config='maidpro:maidproofmanhattanbeach.com'></script>"